{
  "model_name": "xgboost_utmb_score",
  "created_at": "20251204_004114",
  "feature_names": [
    "distance_km",
    "elevation_gain",
    "race_time_seconds"
  ],
  "training_results": {
    "best_params": {
      "subsample": 0.9,
      "reg_lambda": 0.1,
      "reg_alpha": 0.01,
      "n_estimators": 200,
      "min_child_weight": 1,
      "max_depth": 6,
      "learning_rate": 0.2,
      "gamma": 0.3,
      "colsample_bytree": 0.9
    },
    "best_cv_score": 56.16674491676396,
    "best_cv_rmse": 7.494447605845541,
    "cv_results": {
      "mean_test_score": [
        -1338.1793195113144,
        -74.78324995750629,
        -61.57888934197715,
        -56.16674491676396,
        -162.0210273425897,
        -1672.9831317569303,
        -90.35219502472629,
        -6371.662844073639,
        -5339.971102969036,
        -75.80818516896514,
        -57.23552423937235,
        -2690.7930926789504,
        -71.84862773362867,
        -60.25763256004517,
        -119.18398024586728,
        -1768.7318544367724,
        -5458.57161634638,
        -5089.4856549266,
        -594.0918123747393,
        -5113.8697968833185,
        -111.29282259002294,
        -64.80037964399745,
        -61.36847236216331,
        -168.51784728509537,
        -67.99993067499462,
        -61.18336140136914,
        -76.58984818205542,
        -82.03147969080358,
        -1777.0903183695816,
        -303.8156299414839
      ],
      "std_test_score": [
        104.78912211098506,
        37.16376846382943,
        40.802367942020076,
        34.53344832588741,
        74.90551733628698,
        112.88844370579318,
        32.73941245530093,
        260.18154525733695,
        204.99665961474506,
        49.515656321236015,
        39.85644055997918,
        154.07184569624255,
        33.01870539565144,
        36.5477436511634,
        43.76404585061924,
        162.38536946565023,
        289.84192181144647,
        188.70463326301163,
        68.92733379152872,
        189.94926623975152,
        41.53554730641512,
        44.36806425596878,
        42.45383003485419,
        62.95596338601688,
        42.6064228733971,
        38.71931773031527,
        37.26068994506766,
        47.31167490139263,
        123.14123084411919,
        43.661990119567996
      ],
      "mean_train_score": [
        -1227.8191783351106,
        -34.41759433619804,
        -15.822631741387749,
        -15.267016337991913,
        -93.40722465837987,
        -1607.96121578452,
        -52.780011577660844,
        -6327.483057343006,
        -4699.934199585898,
        -25.29004970529958,
        -17.19748129907764,
        -2273.702446835354,
        -37.67004206978875,
        -23.474246030730665,
        -73.25236398582788,
        -1680.6988450348526,
        -5389.661131363466,
        -4793.375820486816,
        -514.1460115432338,
        -4686.420615318879,
        -55.63011623716153,
        -16.172167100194194,
        -15.312147757985624,
        -100.18127993769237,
        -13.003182276234918,
        -22.969281305696903,
        -36.938265825677874,
        -30.64642891344887,
        -1712.0874748941296,
        -228.62102161877178
      ]
    },
    "n_iter": 30,
    "cv_folds": 5
  },
  "evaluation_metrics": {
    "train": {
      "rmse": 3.9578145963670814,
      "mae": 2.001709557493117,
      "r2": 0.9986023599667495
    },
    "test": {
      "rmse": 4.814707452333617,
      "mae": 2.562572617684641,
      "r2": 0.9978839161175911
    }
  },
  "model_path": "models/xgboost_utmb_score.joblib"
}